System Name,Managed State,Tags,IP address,User Name,Last Communication
OCS-L-001464210,Managed,"EEPC Apply, Escalated, Laptop, Workstation",10.0.0.144,N/A,3/11/20 4:33:55 PM EDT
OCS-L-001464218,Managed,"EEPC Apply, Escalated, Laptop, Workstation",192.168.86.71,N/A,3/11/20 4:34:18 PM EDT
OCS-L-001464254,Managed,"EEPC Apply, Escalated, Laptop, Workstation",10.111.41.86,N/A,3/10/20 10:46:12 AM EDT
OCS-L-001680661,Managed,"EEPC Apply, Escalated, Laptop, Workstation",10.49.33.124,joseph.berry.ou,3/11/20 3:29:27 PM EDT
OCS-L-004063546,Managed,"EEPC Apply, Escalated, Laptop, Workstation",192.168.1.188,"Dylan.Kosten,NRT.LA",3/6/20 11:03:33 AM EST
OCS-L-004063547,Managed,"EEPC Apply, Escalated, Laptop, Workstation",192.168.1.100,NRT.LA,3/11/20 2:39:09 PM EDT
OCS-L-004063548,Managed,"EEPC Apply, Escalated, Laptop, Workstation",172.31.35.34,michelle.levano,3/11/20 5:09:32 PM EDT
OCS-L-004063549,Managed,"EEPC Apply, Escalated, Laptop, Workstation",192.168.0.16,Michael.G.Bloom,3/11/20 4:34:55 PM EDT
OCS-L-004063551,Managed,"EEPC Apply, Escalated, Laptop, Workstation",192.168.1.14,N/A,3/11/20 4:22:57 PM EDT
OCS-L-004063552,Managed,"EEPC Apply, Escalated, Laptop, Workstation",172.20.10.7,John.Kidd,3/10/20 9:47:08 AM EDT
OCS-L-004063553,Managed,"EEPC Apply, Escalated, Laptop, Workstation",192.168.1.173,NRT.LA,2/21/20 10:18:46 AM EST
OCS-L-004063554,Managed,"EEPC Apply, Escalated, Laptop, Workstation",10.1.10.210,NRT.LA,3/11/20 4:32:48 PM EDT
OCS-L-004063555,Managed,"EEPC Apply, Escalated, Laptop, Workstation",10.55.26.209,N/A,3/11/20 10:40:03 AM EDT
OCS-L-004063556,Managed,"EEPC Apply, Escalated, Laptop, Workstation",172.31.35.5,NRT.LA,1/31/20 5:03:08 PM EST
OCS-L-004063557,Managed,"EEPC Apply, Escalated, Laptop, Workstation",10.111.41.21,N/A,3/1/20 11:58:46 PM EST
OCS-L-004063558,Managed,"EEPC Apply, Escalated, Laptop, Workstation",10.83.161.152,N/A,2/21/20 3:33:43 PM EST
OCS-L-004063559,Managed,"EEPC Apply, Escalated, Laptop, Workstation",10.111.41.89,N/A,3/11/20 4:33:27 PM EDT
OCS-L-004063560,Managed,"EEPC Apply, Escalated, Laptop, Workstation",10.1.10.225,NRT.LA,3/11/20 5:05:59 PM EDT
OCS-L-004063561,Managed,"EEPC Apply, Escalated, Laptop, Workstation",10.0.0.116,N/A,3/11/20 4:34:59 PM EDT
OCS-L-004063562,Managed,"EEPC Apply, Escalated, Laptop, Workstation",10.1.10.37,NRT.LA,3/11/20 2:33:41 PM EDT
OCS-L-004063563,Managed,"EEPC Apply, Escalated, Laptop, Workstation",192.168.0.165,NRT.LA,2/24/20 10:29:01 AM EST
OCS-L-004063564,Managed,"EEPC Apply, Escalated, Laptop, Workstation",192.168.0.49,NRT.LA,3/5/20 4:35:53 PM EST
OCS-L-004063565,Managed,"EEPC Apply, Escalated, Laptop, Workstation",10.0.0.6,Timothy.Wilkinson,3/10/20 11:29:03 AM EDT
OCS-L-004063566,Managed,"EEPC Apply, Escalated, Laptop, Workstation",172.31.13.188,Annemieke.Raymond,3/11/20 4:48:32 PM EDT
OCS-L-004063567,Managed,"EEPC Apply, Escalated, Laptop, Workstation",172.31.13.242,Alex.c.ligon,3/11/20 3:16:50 PM EDT
OCS-L-004063568,Managed,"EEPC Apply, Escalated, Laptop, Workstation",172.31.35.38,Eli.R.Smith,3/11/20 3:31:32 PM EDT
OCS-L-004063569,Managed,"EEPC Apply, Escalated, Laptop, Workstation",192.168.0.187,Dylan.Kosten,3/11/20 5:10:48 PM EDT
OCS-L-004063570,Managed,"EEPC Apply, Escalated, Laptop, Workstation",10.83.161.151,Dan.Jacobs,3/11/20 5:08:42 PM EDT
OCS-L-004063571,Managed,"EEPC Apply, Escalated, Laptop, Workstation",10.111.41.93,N/A,1/30/20 1:33:32 PM EST
OCS-L-004063585,Managed,"EEPC Apply, Escalated, Laptop, Workstation",10.111.41.74,Amber.Butler,3/11/20 4:27:10 PM EDT
OCS-L-004063586,Managed,"EEPC Apply, Escalated, Laptop, Workstation",172.31.13.211,Vanessa.L.Russell,3/11/20 4:22:17 PM EDT
OCS-L-004078526,Managed,"EEPC Apply, Escalated, Laptop, Workstation",10.0.0.82,Aleah.Worthem,3/11/20 4:33:11 PM EDT
OCS-L-004078527,Managed,"EEPC Apply, Escalated, Laptop, Workstation",10.111.52.201,MaryRose.Sheldon,3/11/20 3:03:38 PM EDT
OCS-L-004078528,Managed,"EEPC Apply, Escalated, Laptop, Workstation",10.111.49.30,N/A,3/2/20 8:33:20 PM EST
OCS-L-004078529,Managed,"EEPC Apply, Escalated, Laptop, Workstation",10.0.0.72,Delmy.Pinto,3/10/20 6:38:08 PM EDT
OCS-L-004078530,Managed,"EEPC Apply, Escalated, Laptop, Workstation",10.111.52.235,James.Moy,3/11/20 4:43:14 PM EDT
OCS-L-004078531,Managed,"EEPC Apply, Escalated, Laptop, Workstation",10.111.52.237,sydney.catoire,3/11/20 4:33:28 PM EDT
OCS-L-004086441,Managed,"EEPC Apply, Escalated, Laptop, Workstation",10.55.26.110,Kurt.Brown,3/11/20 4:03:27 PM EDT
OCS-L-004086442,Managed,"EEPC Apply, Laptop, Workstation",10.111.41.79,N/A,3/9/20 12:56:41 PM EDT
OCS-L-004086443,Managed,"EEPC Apply, Escalated, Laptop, Workstation",10.111.42.125,N/A,3/11/20 4:33:53 PM EDT
OCS-L-004086444,Managed,"EEPC Apply, Escalated, Laptop, Workstation",10.0.0.2,Cara.Curran,3/9/20 3:26:36 PM EDT
OCS-L-004086447,Managed,"EEPC Apply, Escalated, Laptop, Workstation",192.168.200.66,Erin.Nagel,3/11/20 2:05:33 PM EDT
OCS-L-004086449,Managed,"EEPC Apply, Escalated, Laptop, Workstation",10.111.41.72,N/A,3/11/20 4:33:34 PM EDT
OCS-L-004086450,Managed,"EEPC Apply, Escalated, Laptop, Workstation",10.111.42.127,N/A,3/11/20 4:47:02 PM EDT
OCS-L-004086452,Managed,"EEPC Apply, Laptop, Workstation",10.55.26.133,N/A,3/11/20 4:36:09 PM EDT
OCS-L-004086453,Managed,"EEPC Apply, Escalated, Laptop, Workstation",10.111.42.134,N/A,3/5/20 5:12:15 PM EST
OCS-L-004086455,Managed,"EEPC Apply, Escalated, Laptop, Workstation",10.55.26.134,N/A,3/11/20 4:23:38 PM EDT
OCS-L-004086457,Managed,"EEPC Apply, Escalated, Laptop, Workstation",10.55.26.135,N/A,3/11/20 4:54:41 PM EDT
OCS-L-004086461,Managed,"EEPC Apply, Escalated, Laptop, Workstation",10.49.33.119,N/A,3/5/20 2:53:03 PM EST
OCS-L-004086466,Managed,"EEPC Apply, Escalated, Laptop, Workstation",10.49.33.92,hollis.europe,3/11/20 3:50:46 PM EDT
OCS-L-004173554,Managed,"EEPC Apply, Escalated, Laptop, Workstation",172.31.13.100,Steve.Soherr,3/11/20 5:04:02 PM EDT
OCS-L-004173650,Managed,"EEPC Apply, Escalated, Laptop, Workstation",192.168.1.147,Kyle.Ward,3/11/20 4:00:33 PM EDT
OCS-L-004181922,Managed,"EEPC Apply, Escalated, Laptop, Workstation",10.111.41.44,N/A,3/11/20 5:10:18 PM EDT
OCS-L-004181924,Managed,"EEPC Apply, Escalated, Laptop, Workstation",10.111.49.49,nick.perugini,3/11/20 12:14:00 PM EDT
OCS-L-004181925,Managed,"EEPC Apply, Escalated, Laptop, Workstation",172.31.13.37,Alexander.Kurapov,3/11/20 4:32:58 PM EDT
OCS-L-004181926,Managed,"EEPC Apply, Escalated, Laptop, Workstation",192.168.216.146,Taylor.Krabiel,3/11/20 4:15:16 PM EDT
OCS-L-004181928,Managed,"EEPC Apply, Escalated, Laptop, Workstation",192.168.86.27,Jill.Stoddard,3/10/20 7:24:12 PM EDT
OCS-L-004181929,Managed,"EEPC Apply, Escalated, Laptop, Workstation",192.168.1.9,nrt.la,3/11/20 5:08:32 PM EDT
OCS-L-004181930,Managed,"EEPC Apply, Escalated, Laptop, Workstation",192.168.0.249,Joseph.Berry,3/11/20 4:12:17 PM EDT
OCS-L-004181931,Managed,"EEPC Apply, Escalated, Laptop, Workstation",10.111.52.149,ghani.saouti,3/11/20 3:38:53 PM EDT
OCS-L-004181932,Managed,"EEPC Apply, Escalated, Laptop, Workstation",192.168.1.25,Louis.Licate,3/10/20 12:34:00 PM EDT
OCS-L-004181934,Managed,"EEPC Apply, Escalated, Laptop, Workstation",10.111.41.90,Quentin.Stubbs,1/28/20 2:59:46 PM EST
OCS-L-004181935,Managed,"EEPC Apply, Escalated, Laptop, Workstation",172.31.13.132,Erich.Frey,3/11/20 3:49:17 PM EDT
OCS-L-004181936,Managed,"EEPC Apply, Escalated, Laptop, Workstation",10.111.41.18,Karen.Gouws,3/11/20 3:42:12 PM EDT
OCS-L-004181937,Managed,"EEPC Apply, Escalated, Laptop, Workstation",10.111.41.87,Samita.Watson,3/11/20 1:33:51 PM EDT
OCS-L-004181938,Managed,"EEPC Apply, Escalated, Laptop, Workstation",10.111.42.209,Kathryn.Ries,3/11/20 4:33:35 PM EDT
OCS-L-004181939,Managed,"EEPC Apply, Escalated, Laptop, Workstation",172.31.35.58,gerald.koehl,3/10/20 7:18:02 PM EDT
OCS-L-004181940,Managed,"EEPC Apply, Escalated, Laptop, Workstation",172.31.13.121,brian.mohr,3/10/20 3:38:05 PM EDT
OCS-L-004181941,Managed,"EEPC Apply, Escalated, Laptop, Workstation",172.31.13.163,mark.griffin,3/11/20 5:09:59 PM EDT
OCS-L-004181942,Managed,"EEPC Apply, Escalated, Laptop, Workstation",10.111.41.1,Philip.Fernandez,3/11/20 5:03:57 PM EDT
OCS-L-004181944,Managed,"EEPC Apply, Escalated, Laptop, Workstation",10.111.41.75,N/A,3/11/20 4:33:47 PM EDT
OCS-L-004181945,Managed,"EEPC Apply, Escalated, Laptop, Workstation",10.111.41.67,John.Celmer,3/11/20 4:57:21 PM EDT
OCS-L-004181950,Managed,"EEPC Apply, Escalated, Laptop, Workstation",172.31.13.125,Naveen.Mahato,3/11/20 5:00:51 PM EDT
OCS-L-004181951,Managed,"EEPC Apply, Escalated, Laptop, Workstation",10.111.41.29,John.Doroba,3/11/20 2:34:31 PM EDT
OCS-L-004181952,Managed,"EEPC Apply, Escalated, Laptop, Workstation",10.111.41.56,N/A,3/11/20 4:34:45 PM EDT
OCS-L-004181953,Managed,"EEPC Apply, Escalated, Laptop, Workstation",10.111.41.8,Shachak.Peeri,3/11/20 4:33:19 PM EDT
OCS-L-004181954,Managed,"EEPC Apply, Escalated, Laptop, Workstation",10.111.41.69,Wilbert.Battle,3/11/20 2:03:53 PM EDT
OCS-L-004181956,Managed,"EEPC Apply, Escalated, Laptop, Workstation",10.49.33.102,Edward.Owens,3/11/20 4:34:36 PM EDT
OCS-L-004181957,Managed,"EEPC Apply, Escalated, Laptop, Workstation",10.49.33.104,N/A,3/11/20 4:21:57 PM EDT
OCS-L-004181958,Managed,"EEPC Apply, Escalated, Laptop, Workstation",172.31.33.11,jeffery.marshall,3/11/20 4:33:44 PM EDT
OCS-L-004181959,Managed,"EEPC Apply, Escalated, Laptop, Workstation",10.49.33.107,N/A,3/5/20 7:50:01 AM EST
OCS-L-004181960,Managed,"EEPC Apply, Escalated, Laptop, Workstation",10.49.33.84,N/A,3/11/20 4:33:42 PM EDT
OCS-L-004181961,Managed,"EEPC Apply, Escalated, Laptop, Workstation",172.31.33.18,Vanessa.Miller,3/5/20 1:37:43 PM EST
OCS-L-004181962,Managed,"EEPC Apply, Escalated, Laptop, Workstation",192.168.1.152,Kolleen.Mortimer,3/11/20 3:45:11 PM EDT
OCS-L-004181999,Managed,"EEPC Apply, Escalated, Laptop, Workstation",172.31.13.179,christie.ence,3/11/20 5:10:45 PM EDT
OCS-L-004182000,Managed,"EEPC Apply, Escalated, Laptop, Workstation",10.111.52.126,Joseph.Gallegos,3/11/20 1:01:28 PM EDT
OCS-L-004182001,Managed,"EEPC Apply, Escalated, Laptop, Workstation",10.111.49.73,Andres.Garrido,3/11/20 4:03:10 PM EDT
OCS-L-004182002,Managed,"EEPC Apply, Escalated, Laptop, Workstation",172.31.13.221,Nicholas.Szelak,3/11/20 3:33:44 PM EDT
OCS-L-004182003,Managed,"EEPC Apply, Escalated, Laptop, Workstation",192.168.1.166,Alexanderia.Allison,3/11/20 5:10:21 PM EDT
OCS-L-004182004,Managed,"EEPC Apply, Escalated, Laptop, Workstation",10.111.52.123,Pravin.Shrestha,3/11/20 3:37:47 PM EDT
OCS-L-004182005,Managed,"EEPC Apply, Escalated, Laptop, Workstation",10.111.49.1,Carson.Gray,3/11/20 2:04:19 PM EDT
OCS-L-004182006,Managed,"EEPC Apply, Escalated, Laptop, Workstation",10.111.49.87,Prabin.Ghimire,3/11/20 3:33:06 PM EDT
OCS-L-004182007,Managed,"EEPC Apply, Escalated, Laptop, Workstation",172.31.13.57,Thaddeus.Ellerbe,3/11/20 4:37:03 PM EDT
OCS-L-004182008,Managed,"EEPC Apply, Escalated, Laptop, Workstation",10.111.41.4,Douglas.Wood,3/11/20 4:14:20 PM EDT
OCS-L-004182009,Managed,"EEPC Apply, Escalated, Laptop, Workstation",10.111.52.169,adam.jett,3/11/20 12:46:39 PM EDT
OCS-L-004182010,Managed,"EEPC Apply, Escalated, Laptop, Workstation",10.111.41.78,N/A,3/11/20 4:33:55 PM EDT
OCS-L-004182011,Managed,"EEPC Apply, Escalated, Laptop, Workstation",172.31.13.190,Teresa.Fleisher,3/11/20 4:28:39 PM EDT
OCS-L-004182012,Managed,"EEPC Apply, Escalated, Laptop, Workstation",10.111.41.88,Paul.Turner,3/11/20 4:05:21 PM EDT
OCS-L-004182013,Managed,"EEPC Apply, Escalated, Laptop, Workstation",172.31.13.133,Galena.Mishonova,3/11/20 5:04:09 PM EDT
OCS-L-004182014,Managed,"EEPC Apply, Escalated, Laptop, Workstation",172.31.13.112,Jason.Greenlaw,2/10/20 10:46:25 AM EST
OCS-L-004182015,Managed,"EEPC Apply, Escalated, Laptop, Workstation",10.111.41.19,N/A,3/11/20 5:07:11 PM EDT
OCS-L-004182016,Managed,"EEPC Apply, Escalated, Laptop, Workstation",10.111.52.192,charles.porter,3/11/20 4:19:03 PM EDT
OCS-L-004182017,Managed,"EEPC Apply, Escalated, Laptop, Workstation",172.31.13.51,Noel.Dyer,3/11/20 4:07:36 PM EDT
OCS-L-004182018,Managed,"EEPC Apply, Escalated, Laptop, Workstation",10.111.52.214,Jesse.Murphy,3/11/20 4:03:28 PM EDT
OCS-L-004182019,Managed,"EEPC Apply, Escalated, Laptop, Workstation",10.111.49.53,john.macek,3/11/20 1:41:02 PM EDT
OCS-L-004182020,Managed,"EEPC Apply, Escalated, Laptop, Workstation",10.111.52.145,LaTonya.Wilson,3/11/20 3:25:17 PM EDT
OCS-L-004182021,Managed,"EEPC Apply, Escalated, Laptop, Workstation",10.111.49.58,chris.libeau,3/11/20 3:08:10 PM EDT
OCS-L-004182022,Managed,"EEPC Apply, Escalated, Laptop, Workstation",172.31.13.216,tangdi.yang,3/11/20 5:05:46 PM EDT
OCS-L-004182023,Managed,"EEPC Apply, Escalated, Laptop, Workstation",10.111.42.183,Kathy.Carpenter,3/11/20 4:33:33 PM EDT
OCS-L-004182024,Managed,"EEPC Apply, Escalated, Laptop, Workstation",10.111.41.58,John.Lomnicky,3/11/20 2:06:55 PM EDT
OCS-L-004182025,Managed,"EEPC Apply, Escalated, Laptop, Workstation",10.111.42.220,Tam.Duong,3/11/20 4:45:42 PM EDT
OCS-L-004182026,Managed,"EEPC Apply, Escalated, Laptop, Workstation",10.111.42.168,Laura.Jeffery,3/11/20 3:58:46 PM EDT
OCS-L-004182027,Managed,"EEPC Apply, Escalated, Laptop, Workstation",172.31.13.174,travis.newman,3/11/20 4:48:16 PM EDT
OCS-L-004182028,Managed,"EEPC Apply, Escalated, Laptop, Workstation",10.111.49.17,don.lipscomb,3/11/20 1:39:32 PM EDT
OCS-L-004182029,Managed,"EEPC Apply, Escalated, Laptop, Workstation",10.111.42.163,Edward.Myers,3/11/20 4:33:55 PM EDT
OCS-L-004182030,Managed,"EEPC Apply, Escalated, Laptop, Workstation",10.111.49.36,chris.crognale,3/11/20 4:59:19 PM EDT
OCS-L-004182031,Managed,"EEPC Apply, Escalated, Laptop, Workstation",10.111.41.43,N/A,3/11/20 5:03:44 PM EDT
OCS-L-004182032,Managed,"EEPC Apply, Escalated, Laptop, Workstation",172.31.13.91,Colby.Harmon,3/11/20 4:48:04 PM EDT
OCS-L-004182033,Managed,"EEPC Apply, Escalated, Laptop, Workstation",10.111.42.203,Saeed.Moghimi,3/11/20 5:01:12 PM EDT
OCS-L-004182034,Managed,"EEPC Apply, Escalated, Laptop, Workstation",10.111.42.121,N/A,3/6/20 10:22:00 AM EST
OCS-L-004182035,Managed,"EEPC Apply, Escalated, Laptop, Workstation",10.111.41.28,Thanh.Pham,3/11/20 3:01:09 PM EDT
OCS-L-004182036,Managed,"EEPC Apply, Escalated, Laptop, Workstation",10.0.1.26,Edward.J.Vandenameel,2/28/20 5:59:33 PM EST
OCS-L-004182037,Managed,"EEPC Apply, Escalated, Laptop, Workstation",172.31.13.122,diane.melancon,3/11/20 4:26:55 PM EDT
OCS-L-004182038,Managed,"EEPC Apply, Escalated, Laptop, Workstation",10.111.49.8,Seth.Williams,3/11/20 2:04:03 PM EDT
OCS-L-004182039,Managed,"EEPC Apply, Escalated, Laptop, Workstation",10.111.49.59,Hugh.Rein,3/11/20 3:47:25 PM EDT
OCS-L-004187290,Managed,"EEPC Apply, Escalated, Laptop, Workstation",10.111.41.25,Alexis.Maxwell,3/11/20 4:15:25 PM EDT
OCS-L-004187291,Managed,"EEPC Apply, Escalated, Laptop, Workstation",10.111.49.45,mark.hetrick,3/11/20 4:33:34 PM EDT
OCS-L-004187293,Managed,"EEPC Apply, Escalated, Laptop, Workstation",10.111.41.66,thomas.loeper,3/11/20 3:13:21 PM EDT
OCS-L-004187294,Managed,"EEPC Apply, Escalated, Laptop, Workstation",172.31.13.95,Megan.Greenaway,3/11/20 5:10:45 PM EDT
OCS-L-004187295,Managed,"EEPC Apply, Escalated, Laptop, Workstation",172.31.35.6,Sergey.Vinogradov,3/4/20 4:14:16 PM EST
OCS-L-004187296,Managed,"EEPC Apply, Escalated, Laptop, Workstation",10.111.49.12,David.A.Strickler,3/11/20 4:33:48 PM EDT
OCS-L-004187297,Managed,"EEPC Apply, Escalated, Laptop, Workstation",10.111.52.187,Brittney.Gaeta,3/11/20 5:03:05 PM EDT
OCS-L-004187298,Managed,"EEPC Apply, Escalated, Laptop, Workstation",10.111.52.148,Guillaume.Auclert,3/11/20 4:33:39 PM EDT
OCS-L-004187299,Managed,"EEPC Apply, Escalated, Laptop, Workstation",10.111.52.182,N/A,3/11/20 4:33:28 PM EDT
OCS-L-004187300,Managed,"EEPC Apply, Escalated, Laptop, Workstation",10.111.49.74,Megan.Bartlett,3/11/20 5:03:59 PM EDT
OCS-L-004187301,Managed,"EEPC Apply, Escalated, Laptop, Workstation",10.111.41.33,Matthew.R.Forrest,3/11/20 3:03:54 PM EDT
OCS-L-004187302,Managed,"EEPC Apply, Escalated, Laptop, Workstation",172.31.35.48,Damian.Manda,3/11/20 5:08:57 PM EDT
OCS-L-004187303,Managed,"EEPC Apply, Escalated, Laptop, Workstation",10.111.52.139,Julio.Castillo,3/11/20 4:33:29 PM EDT
OCS-L-004187304,Managed,"EEPC Apply, Escalated, Laptop, Workstation",172.31.35.14,Evette.Coates,3/11/20 4:58:01 PM EDT
OCS-L-004187305,Managed,"EEPC Apply, Escalated, Laptop, Workstation",10.111.42.152,Christine.Burns,3/11/20 4:44:55 PM EDT
OCS-L-004187306,Managed,"EEPC Apply, Escalated, Laptop, Workstation",10.111.52.154,bill.ohno,3/11/20 4:33:16 PM EDT
OCS-L-004187307,Managed,"EEPC Apply, Escalated, Laptop, Workstation",10.111.49.33,William.Winner,3/11/20 4:33:48 PM EDT
OCS-L-004187308,Managed,"EEPC Apply, Escalated, Laptop, Workstation",172.31.35.49,Charles.J.Wisotzkey,3/11/20 3:38:36 PM EDT
OCS-L-004187309,Managed,"EEPC Apply, Escalated, Laptop, Workstation",10.111.42.137,Annaclaire.Myrie,3/11/20 4:03:57 PM EDT
OCS-L-004187310,Managed,"EEPC Apply, Escalated, Laptop, Workstation",172.31.13.191,Cuong.Hoang,3/11/20 4:34:08 PM EDT
OCS-L-004187311,Managed,"EEPC Apply, Escalated, Laptop, Workstation",10.111.52.180,James.P.Thomas,3/11/20 4:33:41 PM EDT
OCS-L-004187312,Managed,"EEPC Apply, Escalated, Laptop, Workstation",10.111.49.9,N/A,3/11/20 4:33:20 PM EDT
OCS-L-004187313,Managed,"EEPC Apply, Escalated, Laptop, Workstation",10.111.41.23,"Renee.Galloway,Renee.Galloway.OCS",3/11/20 4:14:29 PM EDT
OCS-L-004187314,Managed,"EEPC Apply, Escalated, Laptop, Workstation",10.111.49.10,lance.roddy,3/11/20 5:04:57 PM EDT
OCS-L-004187315,Managed,"EEPC Apply, Escalated, Laptop, Workstation",10.111.49.66,N/A,3/11/20 4:33:43 PM EDT
OCS-L-004187316,Managed,"EEPC Apply, Escalated, Laptop, Workstation",10.111.52.238,Georgios.Britzolakis,3/11/20 4:47:48 PM EDT
OCS-L-004187317,Managed,"EEPC Apply, Escalated, Laptop, Workstation",10.111.49.60,N/A,3/11/20 4:33:29 PM EDT
OCS-L-004187318,Managed,"EEPC Apply, Escalated, Laptop, Workstation",10.0.0.156,Quentin.Stubbs,3/11/20 4:45:52 PM EDT
OCS-L-004187319,Managed,"EEPC Apply, Escalated, Laptop, Workstation",192.168.68.121,Erick.DiFiore,3/11/20 4:42:08 PM EDT
OCS-L-004187320,Managed,"EEPC Apply, Escalated, Laptop, Workstation",10.111.49.32,Sharon.Waggoner,3/11/20 4:32:58 PM EDT
OCS-L-004187321,Managed,"EEPC Apply, Escalated, Laptop, Workstation",10.111.49.18,N/A,3/11/20 4:33:24 PM EDT
OCS-L-004187322,Managed,"EEPC Apply, Escalated, Laptop, Workstation",10.111.49.31,Kenia.Allen,3/11/20 3:33:48 PM EDT
OCS-L-004187362,Managed,"EEPC Apply, Escalated, Laptop, Workstation",10.111.41.22,Chen.Zhang,3/11/20 5:03:44 PM EDT
OCS-L-004187364,Managed,"EEPC Apply, Escalated, Laptop, Workstation",172.31.13.234,Jennifer.Walden,3/11/20 5:03:44 PM EDT
OCS-L-004187365,Managed,"EEPC Apply, Escalated, Laptop, Workstation",10.0.0.245,daniel.morrow,3/11/20 5:02:55 PM EDT
OCS-L-004187367,Managed,"EEPC Apply, Escalated, Laptop, Workstation",10.0.0.46,kurt.hess,3/11/20 4:45:54 PM EDT
OCS-L-004187368,Managed,"EEPC Apply, Escalated, Laptop, Workstation",172.31.35.60,Starla.Robinson,3/11/20 4:33:57 PM EDT
OCS-L-004187369,Managed,"EEPC Apply, Escalated, Laptop, Workstation",10.0.0.26,Christina.Belton,3/11/20 3:20:35 PM EDT
OCS-L-004187370,Managed,"EEPC Apply, Escalated, Laptop, Workstation",10.111.42.164,Hilina.Tarekegn,3/11/20 4:03:13 PM EDT
OCS-L-004187372,Managed,"EEPC Apply, Escalated, Laptop, Workstation",172.31.35.13,Michael.Lalime,3/11/20 4:38:03 PM EDT
OCS-L-004187373,Managed,"EEPC Apply, Escalated, Laptop, Workstation",192.168.57.191,Zizang.Yang,3/11/20 4:03:44 PM EDT
OCS-L-004187374,Managed,"EEPC Apply, Escalated, Laptop, Workstation",10.111.52.234,Jim.Salman,3/11/20 5:03:46 PM EDT
OCS-L-004187375,Managed,"EEPC Apply, Escalated, Laptop, Workstation",10.111.52.175,naoe.straitz,3/11/20 4:33:06 PM EDT
OCS-L-004187376,Managed,"EEPC Apply, Escalated, Laptop, Workstation",10.111.49.75,Mike.Thompson,3/11/20 2:29:41 PM EDT
OCS-L-004187377,Managed,"EEPC Apply, Escalated, Laptop, Workstation",10.111.49.65,martha.bakry,3/11/20 5:03:19 PM EDT
OCS-L-004187378,Managed,"EEPC Apply, Escalated, Laptop, Workstation",172.31.35.9,Christina.Fandel,3/11/20 4:29:13 PM EDT
OCS-L-004187379,Managed,"EEPC Apply, Escalated, Laptop, Workstation",192.168.86.32,Yogen.Drans,3/11/20 4:19:16 PM EDT
OCS-L-004187380,Managed,"EEPC Apply, Escalated, Laptop, Workstation",172.31.13.4,craig.winn,3/11/20 4:36:07 PM EDT
OCS-L-004187381,Managed,"EEPC Apply, Escalated, Laptop, Workstation",10.0.0.203,Christopher.Hare,3/11/20 4:56:28 PM EDT
OCS-L-004187382,Managed,"EEPC Apply, Escalated, Laptop, Workstation",10.149.74.54,Michael.Davidson,3/11/20 4:40:21 PM EDT
OCS-L-004187383,Managed,"EEPC Apply, Escalated, Laptop, Workstation",10.111.42.147,Phillip.Jenkins,3/11/20 4:14:09 PM EDT
OCS-L-004187385,Managed,"EEPC Apply, Escalated, Laptop, Workstation",172.31.13.113,Glen.Rice,3/11/20 5:09:54 PM EDT
OCS-L-004187386,Managed,"EEPC Apply, Escalated, Laptop, Workstation",10.111.49.30,Gena.Manic,3/11/20 3:03:19 PM EDT
OCS-L-004187387,Managed,"EEPC Apply, Escalated, Laptop, Workstation",10.111.49.48,Danny.Fitzpatrick,3/11/20 4:32:07 PM EDT
OCS-L-004187388,Managed,"EEPC Apply, Escalated, Laptop, Workstation",10.111.52.210,ellen.sanford,3/11/20 3:03:41 PM EDT
OCS-L-004187389,Managed,"EEPC Apply, Escalated, Laptop, Workstation",10.111.49.16,paul.gionis,3/11/20 4:14:39 PM EDT
OCS-L-004187390,Managed,"EEPC Apply, Escalated, Laptop, Workstation",10.111.41.51,Mohammed.Kemal,3/11/20 4:12:39 PM EDT
OCS-L-004187391,Managed,"EEPC Apply, Escalated, Laptop, Workstation",10.111.52.133,Robert.Ciepiela,3/11/20 5:11:38 PM EDT
OCS-L-004187392,Managed,"EEPC Apply, Escalated, Laptop, Workstation",10.111.52.128,Jeremy.Wetzel,3/11/20 3:51:47 PM EDT
OCS-L-004187393,Managed,"EEPC Apply, Escalated, Laptop, Workstation",172.31.13.231,yan.xu,3/11/20 4:09:45 PM EDT
OCS-L-004187394,Managed,"EEPC Apply, Escalated, Laptop, Workstation",172.31.13.222,Martha.Herzog,3/11/20 4:32:14 PM EDT
OCS-L-004187395,Managed,"EEPC Apply, Escalated, Laptop, Workstation",10.111.49.62,justin.adams,3/11/20 4:03:19 PM EDT
OCS-L-004187396,Managed,"EEPC Apply, Escalated, Laptop, Workstation",10.111.41.32,Yuji.Funakoshi,3/11/20 5:03:23 PM EDT
OCS-L-004187397,Managed,"EEPC Apply, Escalated, Laptop, Workstation",10.111.42.180,Barry.Gallagher,3/11/20 12:23:45 PM EDT
OCS-L-004187398,Managed,"EEPC Apply, Escalated, Laptop, Workstation",192.168.0.3,N/A,3/11/20 4:54:29 PM EDT
OCS-L-004187399,Managed,"EEPC Apply, Escalated, Laptop, Workstation",172.31.13.128,brian.akers,3/11/20 4:03:41 PM EDT
OCS-L-004187400,Managed,"EEPC Apply, Escalated, Laptop, Workstation",172.31.13.145,Brian.Hensel,3/11/20 4:27:17 PM EDT
OCS-L-004187401,Managed,"EEPC Apply, Escalated, Laptop, Workstation",10.111.41.92,Wei.Wu,3/11/20 4:21:33 PM EDT
OCS-L-004310005,Managed,"EEPC Apply, Escalated, Laptop, Workstation",10.49.33.89,N/A,3/10/20 4:07:23 PM EDT
OCS-L-004310010,Managed,"EEPC Apply, Escalated, Laptop, Workstation",172.31.33.33,angelina.ponella,3/11/20 4:35:45 PM EDT
OCS-L-004310011,Managed,"EEPC Apply, Escalated, Laptop, Workstation",10.49.33.77,James.J.Miller,3/4/20 3:32:46 PM EST
OCS-L-004310012,Managed,"EEPC Apply, Escalated, Laptop, Workstation",10.49.33.59,Meghan.McGovern,3/11/20 4:34:04 PM EDT
OCS-L-004310014,Managed,"EEPC Apply, Escalated, Laptop, Workstation",172.31.33.14,jonathan.haines,3/5/20 2:25:12 PM EST
OCS-L-004310015,Managed,"EEPC Apply, Escalated, Laptop, Workstation",10.49.33.76,Joseph.Berry.ou,2/24/20 2:04:06 PM EST
OCS-L-004310016,Managed,"EEPC Apply, Escalated, Laptop, Workstation",10.49.33.73,N/A,3/5/20 3:17:00 PM EST
OCS-L-004310017,Managed,"EEPC Apply, Escalated, Laptop, Workstation",172.31.33.34,Casiano.Koprowski,1/29/20 8:56:48 AM EST
OCS-L-004310021,Managed,"EEPC Apply, Escalated, Laptop, Workstation",10.49.33.83,N/A,3/6/20 1:43:07 PM EST
OCS-L-004310101,Managed,"EEPC Apply, Escalated, Laptop, Workstation",10.111.42.145,Heather.Gilbert,3/10/20 4:07:13 PM EDT
OCS-L-004310104,Managed,"EEPC Apply, Escalated, Laptop, Workstation",192.168.50.138,Elizabeth.Kretovic,3/11/20 4:17:47 PM EDT
OCS-L-004310106,Managed,"EEPC Apply, Escalated, Laptop, Workstation",10.111.41.94,Joseph.Hoang,3/11/20 3:24:02 PM EDT
OCS-L-004310108,Managed,"EEPC Apply, Escalated, Laptop, Workstation",10.111.41.46,Lorraine.Robidoux,3/11/20 4:17:59 PM EDT
OCS-L-004310109,Managed,"EEPC Apply, Escalated, Laptop, Workstation",10.111.41.36,MaryLouise.Kurchock,3/11/20 2:07:13 PM EDT
OCS-L-004310110,Managed,"EEPC Apply, Escalated, Laptop, Workstation",10.111.42.119,N/A,3/6/20 3:16:20 PM EST
OCS-L-004310111,Managed,"EEPC Apply, Escalated, Laptop, Workstation",10.111.41.24,N/A,3/11/20 5:10:36 PM EDT
OCS-L-004310112,Managed,"EEPC Apply, Escalated, Laptop, Workstation",172.31.13.229,leland.snyder,3/10/20 2:21:21 PM EDT
OCS-L-004310113,Managed,"EEPC Apply, Escalated, Laptop, Workstation",10.111.41.9,Robert.Nehorayoff,3/11/20 4:33:26 PM EDT
OCS-L-004310114,Managed,"EEPC Apply, Escalated, Laptop, Workstation",192.168.1.26,Rob.Downs,3/11/20 4:33:07 PM EDT
OCS-L-004310115,Managed,"EEPC Apply, Escalated, Laptop, Workstation",172.31.13.47,Corey.Allen,3/11/20 4:58:30 PM EDT
OCS-L-004310116,Managed,"EEPC Apply, Escalated, Laptop, Workstation",172.31.13.226,Kristen.Crossett,3/11/20 5:11:03 PM EDT
OCS-L-004310117,Managed,"EEPC Apply, Escalated, Laptop, Workstation",192.168.86.40,Lynne.Mersfelder,3/11/20 5:09:20 PM EDT
OCS-L-004310119,Managed,"EEPC Apply, Escalated, Laptop, Workstation",10.111.41.3,frank.powers,3/11/20 8:46:56 AM EDT
OCS-L-004310121,Managed,"EEPC Apply, Escalated, Laptop, Workstation",10.111.41.49,Jay.Nunenkamp,3/11/20 4:33:21 PM EDT
OCS-L-004310122,Managed,"EEPC Apply, Escalated, Laptop, Workstation",10.111.42.118,Ben.Galdi,3/11/20 4:23:50 PM EDT
OCS-L-004310123,Managed,"EEPC Apply, Escalated, Laptop, Workstation",10.111.41.48,Percy.Pacheco,3/11/20 3:42:48 PM EDT
OCS-L-004310124,Managed,"EEPC Apply, Escalated, Laptop, Workstation",10.111.42.176,Anthony.Johnson,3/11/20 4:14:37 PM EDT
OCS-L-004310125,Managed,"EEPC Apply, Escalated, Laptop, Workstation",172.31.13.198,Sarah.Wolfskehl,3/11/20 4:34:22 PM EDT
OCS-L-004310126,Managed,"EEPC Apply, Escalated, Laptop, Workstation",10.111.41.34,christiaan.vanwesten,3/11/20 4:43:38 PM EDT
OCS-L-004310130,Managed,"EEPC Apply, Escalated, Laptop, Workstation",172.31.13.250,Jingkang.Huang,3/11/20 4:45:27 PM EDT
OCS-L-004310132,Managed,"EEPC Apply, Escalated, Laptop, Workstation",10.111.41.57,Richard.T.Brennan,3/11/20 4:34:10 PM EDT
OCS-L-004310133,Managed,"EEPC Apply, Escalated, Laptop, Workstation",10.111.42.149,Melanie.Feliciano,3/11/20 4:42:41 PM EDT
OCS-L-004310138,Managed,"EEPC Apply, Escalated, Laptop, Workstation",172.31.13.71,Jeffrey.Ferguson,3/11/20 4:30:50 PM EDT
OCS-L-004310139,Managed,"EEPC Apply, Escalated, Laptop, Workstation",155.206.29.38,Tim.Osborn,3/11/20 3:23:26 PM EDT
OCS-L-004310141,Managed,"EEPC Apply, Escalated, Laptop, Workstation",172.31.13.104,Julie.Armstrong,3/11/20 5:06:29 PM EDT
OCS-L-004310142,Managed,"EEPC Apply, Escalated, Laptop, Workstation",10.111.41.42,Sam.DeBow,3/11/20 3:53:18 PM EDT
OCS-L-004310150,Managed,"EEPC Apply, Escalated, Laptop, Workstation",10.111.42.141,Amanda.Phelps,3/11/20 3:32:34 PM EDT
OCS-L-004310151,Managed,"EEPC Apply, Escalated, Laptop, Workstation",161.55.187.34,Bart.O.Buesseler,3/11/20 3:39:27 PM EDT
OCS-L-004310152,Managed,"EEPC Apply, Escalated, Laptop, Workstation",172.31.13.52,Howard.Hempenius,1/29/20 7:29:29 AM EST
OCS-L-004310153,Managed,"EEPC Apply, Escalated, Laptop, Workstation",10.111.42.143,James.Hawks,3/11/20 4:04:00 PM EDT
OCS-L-004310155,Managed,"EEPC Apply, Escalated, Laptop, Workstation",172.31.13.103,MaryLouise.Kurchock,3/9/20 2:57:56 PM EDT
OCS-L-004310156,Managed,"EEPC Apply, Escalated, Laptop, Workstation",10.111.42.178,N/A,3/11/20 3:31:23 PM EDT
OCS-L-004310157,Managed,"EEPC Apply, Escalated, Laptop, Workstation",10.111.42.193,Yi.Chen,3/11/20 1:37:03 PM EDT
OCS-L-004310158,Managed,"EEPC Apply, Escalated, Laptop, Workstation",172.31.13.29,Lynn.Liogys,3/11/20 5:04:46 PM EDT
OCS-L-004310159,Managed,"EEPC Apply, Escalated, Laptop, Workstation",192.168.200.41,N/A,3/9/20 4:33:45 AM EDT
OCS-L-004310160,Managed,"EEPC Apply, Escalated, Laptop, Workstation",192.168.1.152,Deana.Mastin,3/11/20 2:34:17 PM EDT
OCS-L-004310161,Managed,"EEPC Apply, Escalated, Server",10.111.41.20,N/A,3/11/20 4:35:42 PM EDT
OCS-L-004310162,Managed,"EEPC Apply, Escalated, Laptop, Workstation",10.111.42.156,Sheila.Matthews,3/11/20 2:50:05 PM EDT
OCS-L-004310163,Managed,"EEPC Apply, Escalated, Laptop, Workstation",192.168.1.159,Colleen.Roche,3/11/20 8:29:19 AM EDT
OCS-L-004310164,Managed,"EEPC Apply, Escalated, Laptop, Workstation",10.111.41.85,N/A,3/11/20 4:13:53 PM EDT
OCS-L-004358645,Managed,"EEPC Apply, Escalated, Laptop, Workstation",10.111.42.122,Terence.Lynch,3/11/20 12:47:26 PM EDT
OCS-L-004358646,Managed,"EEPC Apply, Escalated, Laptop, Workstation",192.168.1.151,Tsering.Chuki,3/11/20 5:02:30 PM EDT
OCS-L-004358647,Managed,"EEPC Apply, Escalated, Laptop, Workstation",172.31.13.180,allison.wittrock,3/11/20 4:21:59 PM EDT
OCS-L-004358648,Managed,"EEPC Apply, Escalated, Laptop, Workstation",10.111.52.206,julia.duan,3/11/20 4:03:01 PM EDT
OCS-L-004358649,Managed,"EEPC Apply, Escalated, Laptop, Workstation",172.31.35.12,Katrina.Wyllie,3/11/20 4:30:42 PM EDT
OCS-L-004358650,Managed,"EEPC Apply, Escalated, Laptop, Workstation",172.31.13.66,Eric.Wallner,3/11/20 3:14:20 PM EDT
OCS-L-004358652,Managed,"EEPC Apply, Escalated, Laptop, Workstation",172.31.13.74,andrew.kampia,3/11/20 4:48:42 PM EDT
OCS-L-004358653,Managed,"EEPC Apply, Escalated, Laptop, Workstation",10.111.49.22,Sarah.Phillips,3/11/20 5:03:39 PM EDT
OCS-L-004358654,Managed,"EEPC Apply, Escalated, Laptop, Workstation",172.31.13.227,ken.forster,3/11/20 4:44:43 PM EDT
OCS-L-004358655,Managed,"EEPC Apply, Escalated, Laptop, Workstation",192.168.86.164,Courtney.Brock,3/11/20 4:51:13 PM EDT
OCS-L-004358656,Managed,"EEPC Apply, Escalated, Laptop, Workstation",10.0.0.166,michael.gaeta,3/11/20 4:16:12 PM EDT
OCS-L-004358657,Managed,"EEPC Apply, Escalated, Laptop, Workstation",10.111.41.26,N/A,3/11/20 5:03:14 PM EDT
OCS-L-004358658,Managed,"EEPC Apply, Escalated, Laptop, Workstation",10.111.52.246,John.Whiddon,3/11/20 2:27:57 PM EDT
OCS-L-004358659,Managed,"EEPC Apply, Escalated, Laptop, Workstation",172.31.13.98,david.merke,3/11/20 5:03:06 PM EDT
OCS-L-004358660,Managed,"EEPC Apply, Escalated, Laptop, Workstation",172.31.13.135,pramod.singh,3/11/20 4:17:45 PM EDT
OCS-L-004358662,Managed,"EEPC Apply, Escalated, Laptop, Workstation",172.31.33.38,Alexandra.Dawson,3/11/20 2:39:20 PM EDT
OCS-L-004358663,Managed,"EEPC Apply, Escalated, Laptop, Workstation",10.111.41.27,Jonathan.Justi,3/11/20 5:03:50 PM EDT
OCS-L-004358664,Managed,"EEPC Apply, Escalated, Laptop, Workstation",172.31.13.64,david.riccio,3/11/20 4:27:22 PM EDT
OCS-L-004358665,Managed,"EEPC Apply, Escalated, Laptop, Workstation",172.31.13.169,Meredith.Westington,3/11/20 5:05:18 PM EDT
OCS-L-004358666,Managed,"EEPC Apply, Escalated, Laptop, Workstation",10.105.136.232,Patrick.Keown,3/11/20 2:53:37 PM EDT
OCS-L-004358667,Managed,"EEPC Apply, Escalated, Laptop, Workstation",192.168.1.5,john.barber,3/11/20 4:30:18 PM EDT
OCS-L-004358668,Managed,"EEPC Apply, Escalated, Laptop, Workstation",10.111.52.250,Randy.Barlow,3/11/20 3:09:46 PM EDT
OCS-L-004358669,Managed,"EEPC Apply, Escalated, Laptop, Workstation",10.111.49.38,Nusrat.Meghna,3/11/20 4:43:55 PM EDT
OCS-L-004358670,Managed,"EEPC Apply, Escalated, Laptop, Workstation",172.31.13.14,rudolph.winkfield,3/11/20 4:14:40 PM EDT
OCS-L-004358671,Managed,"EEPC Apply, Escalated, Laptop, Workstation",192.168.1.186,laurie.bennett,3/11/20 5:11:41 PM EDT
OCS-L-004358672,Managed,"EEPC Apply, Escalated, Laptop, Workstation",10.111.49.67,Kieumy.Dinh,3/11/20 4:03:27 PM EDT
OCS-L-004358673,Managed,"EEPC Apply, Escalated, Laptop, Workstation",10.111.49.84,kevin.jett,3/11/20 3:42:50 PM EDT
OCS-L-004358674,Managed,"EEPC Apply, Escalated, Laptop, Workstation",10.111.49.81,lori.powdrell,3/11/20 1:38:51 PM EDT
OCS-L-004358675,Managed,"EEPC Apply, Escalated, Laptop, Workstation",10.111.52.249,Thomas.Mourtoupalas,3/11/20 5:03:19 PM EDT
OCS-L-004358676,Managed,"EEPC Apply, Escalated, Laptop, Workstation",172.31.13.39,john.ohara,3/11/20 2:28:46 PM EDT
OCS-L-004358677,Managed,"EEPC Apply, Escalated, Laptop, Workstation",10.111.41.54,L.Shi,3/11/20 5:03:33 PM EDT
OCS-L-004358678,Managed,"EEPC Apply, Escalated, Laptop, Workstation",172.31.35.32,Gregory.Seroka,3/11/20 3:08:41 PM EDT
OCS-L-004358679,Managed,"EEPC Apply, Escalated, Laptop, Workstation",10.111.41.16,Daniel.Garatea,3/11/20 4:14:57 PM EDT
OCS-L-004358682,Managed,"EEPC Apply, Escalated, Laptop, Workstation",10.111.52.124,Ben.Galdi,3/11/20 4:30:41 PM EDT
OCS-L-004358683,Managed,"EEPC Apply, Escalated, Laptop, Workstation",10.111.49.47,Joseph.Bentley,3/11/20 4:29:29 PM EDT
OCS-L-004358684,Managed,"EEPC Apply, Escalated, Laptop, Workstation",10.111.49.46,Yahaira.Sanchez,3/11/20 4:40:04 PM EDT
OCS-L-004358685,Managed,"EEPC Apply, Escalated, Laptop, Workstation",10.111.49.54,Kathryn.ONeill,3/11/20 5:03:41 PM EDT
OCS-L-004358686,Managed,"EEPC Apply, Escalated, Laptop, Workstation",10.111.52.132,William.Stanus,3/11/20 4:28:33 PM EDT
OCS-L-004358687,Managed,"EEPC Apply, Escalated, Laptop, Workstation",10.111.41.35,Zachary.Burnett,3/11/20 3:31:21 PM EDT
OCS-L-004358688,Managed,"EEPC Apply, Escalated, Laptop, Workstation",172.31.35.65,Tina.Perry,3/11/20 9:29:39 AM EDT
OCS-L-004358689,Managed,"EEPC Apply, Escalated, Laptop, Workstation",10.0.0.246,N/A,3/11/20 5:03:02 PM EDT
OCS-L-004358690,Managed,"EEPC Apply, Escalated, Laptop, Workstation",172.20.10.3,Ashley.Chappell,3/11/20 4:01:08 PM EDT
OCS-L-004358691,Managed,"EEPC Apply, Escalated, Laptop, Workstation",10.111.49.24,darien.watkins,3/11/20 4:57:45 PM EDT
OCS-L-004358692,Managed,"Escalated, Laptop, Workstation",10.111.52.122,Marc.Higgins,3/10/20 2:31:46 PM EDT
OCS-L-004358693,Managed,"EEPC Apply, Escalated, Laptop, Workstation",10.111.49.35,Sladjana.Maksimovic,3/11/20 4:13:30 PM EDT
OCS-L-004358694,Managed,"EEPC Apply, Escalated, Laptop, Workstation",172.31.13.129,patrick.chauvet,3/11/20 5:09:38 PM EDT
OCS-L-004358695,Managed,"EEPC Apply, Escalated, Laptop, Workstation",10.111.52.176,tara.wallace,3/11/20 3:03:30 PM EDT
OCS-L-004358696,Managed,"EEPC Apply, Escalated, Laptop, Workstation",10.111.52.247,Eric.Johnston,3/11/20 5:03:24 PM EDT
OCS-L-004358697,Managed,"EEPC Apply, Escalated, Laptop, Workstation",172.31.13.117,brian.martinez,3/11/20 3:22:31 PM EDT
OCS-L-004358698,Managed,"EEPC Apply, Escalated, Laptop, Workstation",172.31.13.26,Michael.J.Annis,3/11/20 4:24:33 PM EDT
OCS-L-004358699,Managed,"EEPC Apply, Escalated, Laptop, Workstation",10.105.92.196,Jaime.Calzada,3/10/20 2:55:23 PM EDT
OCS-L-A-4187907,Managed,"EEPC Apply, Escalated, Laptop, Workstation",10.49.33.74,Andrew.W.Larkin,3/11/20 4:33:46 PM EDT
OCS-L-A-4358661,Managed,"EEPC Apply, Escalated, Laptop, Workstation",192.168.0.18,Julia.Wallace,3/7/20 4:05:09 PM EST
OCS-L-P-1464244,Managed,"EEPC Apply, Escalated, Laptop, Workstation",10.55.26.103,N/A,3/11/20 4:29:36 PM EDT
OCS-L-P-1464258,Managed,"EEPC Apply, Escalated, Laptop, Workstation",172.31.13.171,Fernando.Ortiz,3/5/20 4:10:00 PM EST
OCS-L-P-1464262,Managed,"EEPC Apply, Escalated, Laptop, Workstation",10.0.1.18,Toshi.Wozumi,3/9/20 11:18:25 AM EDT
OCS-L-P-1464264,Managed,"EEPC Apply, Escalated, Laptop, Workstation",192.168.1.206,Laura.Pagano,3/11/20 5:01:14 PM EDT
OCS-L-P-1464265,Managed,"Escalated, Laptop, Workstation",10.55.26.208,N/A,3/11/20 4:24:29 PM EDT
OCS-L-P-1524293,Managed,"EEPC Apply, Escalated, Laptop, Workstation",10.55.26.115,Tyanne.Faulkes,3/11/20 4:20:39 PM EDT
OCS-L-P-1524294,Managed,"EEPC Apply, Escalated, Laptop, Workstation",172.31.13.214,Katie.Reser,3/10/20 3:53:05 PM EDT
OCS-L-P-1524295,Managed,"EEPC Apply, Escalated, Laptop, Workstation",10.55.26.132,N/A,3/11/20 5:03:31 PM EDT
OCS-L-P-1524296,Managed,"EEPC Apply, Escalated, Laptop, Workstation",172.31.13.219,Brooke.Maser,3/11/20 5:07:11 PM EDT
OCS-L-P-1524297,Managed,"EEPC Apply, Escalated, Laptop, Workstation",172.31.35.27,Jessica.Murphy,3/11/20 4:34:38 PM EDT
OCS-L-P-1524298,Managed,"Escalated, Laptop, Workstation",10.55.26.126,N/A,3/10/20 3:58:57 PM EDT
OCS-L-P-1524299,Managed,"Escalated, Laptop, Workstation",172.31.13.218,Toshi.Wozumi,3/11/20 4:36:48 PM EDT
OCS-L-P-1524300,Managed,"EEPC Apply, Escalated, Laptop, Workstation",10.55.26.118,N/A,3/11/20 5:03:48 PM EDT
OCS-L-P-1524301,Managed,"Escalated, Laptop, Workstation",172.31.13.24,Peter.Holmberg,3/10/20 7:23:10 PM EDT
OCS-L-P-1772756,Managed,"EEPC Apply, Escalated, Laptop, Workstation",10.55.26.207,N/A,3/11/20 5:03:19 PM EDT
OCS-L-P-4062623,Managed,"EEPC Apply, Escalated, Laptop, Workstation",10.55.26.112,N/A,3/11/20 5:06:26 PM EDT
OCS-L-P-4078522,Managed,"EEPC Apply, Escalated, Laptop, Workstation",10.55.26.102,Shelley.Devereaux,3/11/20 5:11:18 PM EDT
OCS-L-P-4078523,Managed,"EEPC Apply, Escalated, Laptop, Workstation",10.55.26.129,Priscilla.Haskell,3/11/20 5:03:16 PM EDT
OCS-L-P-4078524,Managed,"EEPC Apply, Escalated, Laptop, Workstation",172.31.13.215,Crescent.Moegling,3/11/20 4:51:34 PM EDT
OCS-L-P-4078525,Managed,"EEPC Apply, Escalated, Laptop, Workstation",10.55.26.101,Olivia.Hauser,3/11/20 4:33:46 PM EDT
OCS-L-P-4102024,Managed,"EEPC Apply, Escalated, Laptop, Workstation",172.31.13.217,Adam.Argento,3/11/20 4:34:48 PM EDT
OCS-L-P-4310154,Managed,"EEPC Apply, Escalated, Laptop, Workstation",172.31.13.213,Stephen.Gallaher,3/11/20 5:03:40 PM EDT
OCS-L-P-4358651,Managed,"Escalated, Laptop, Workstation",172.31.35.20,Liujuan.Tang,3/11/20 4:23:06 PM EDT
OCS-S-004173647,Unmanaged,,,,
OCS-S-004173648,Managed,Server,10.111.42.169,N/A,3/11/20 4:16:40 PM EDT
OCS-S-AHB02,Managed,"Escalated, Server",10.49.33.12,Joseph.Berry.ou,3/11/20 4:35:08 PM EDT
OCS-S-AHB-FS01,Managed,Server,10.49.33.58,N/A,3/11/20 4:33:20 PM EDT
OCS-S-AHB-FS02,Managed,Server,10.49.33.62,N/A,3/11/20 4:33:30 PM EDT
OCS-S-AHB-FS03,Managed,Server,10.49.33.60,N/A,3/11/20 4:33:08 PM EDT
OCS-S-AHB-NETBK,Managed,Server,10.49.33.49,joseph.berry.ou,3/11/20 4:34:32 PM EDT
OCS-S-BACKUP01,Managed,Server,10.111.60.31,N/A,1/27/20 9:20:04 AM EST
OCS-S-DPM02,Managed,"Escalated, Server",10.111.56.140,Anthony.Johnson.ou,3/11/20 4:34:36 PM EDT
OCS-S-DPM03,Managed,Server,10.111.56.72,N/A,3/11/20 4:35:11 PM EDT
OCS-S-FILE01,Managed,Server,10.111.60.21,N/A,3/11/20 4:33:47 PM EDT
OCS-S-FILE02,Managed,Server,10.111.56.132,N/A,3/11/20 4:34:10 PM EDT
OCS-S-FILE03,Managed,Server,10.111.56.158,N/A,3/11/20 4:33:50 PM EDT
OCS-S-FILE04,Managed,Server,10.111.56.160,N/A,3/11/20 4:34:42 PM EDT
OCS-S-FILE05,Managed,Server,10.111.60.24,N/A,3/11/20 4:34:10 PM EDT
OCS-S-FILE06,Managed,Server,10.111.56.210,N/A,3/11/20 4:34:00 PM EDT
OCS-S-FILE07,Managed,Server,10.111.56.108,N/A,3/11/20 4:34:06 PM EDT
OCS-S-FILE08,Managed,Server,10.111.60.4,N/A,3/11/20 4:33:57 PM EDT
OCS-S-FILE09,Managed,Server,10.111.62.0,N/A,3/11/20 4:33:58 PM EDT
OCS-S-FILEA6,Managed,Server,10.49.33.65,N/A,3/11/20 4:34:08 PM EDT
OCS-S-FILEP1,Managed,Server,10.55.26.28,N/A,3/11/20 4:34:10 PM EDT
OCS-S-FILEP2,Managed,Server,10.55.26.251,N/A,3/11/20 4:33:16 PM EDT
OCS-S-FILEP3,Managed,Server,10.55.26.6,N/A,3/11/20 4:33:42 PM EDT
OCS-S-FILEP5,Managed,Server,10.55.26.111,N/A,3/11/20 4:33:33 PM EDT
OCS-S-FILEP6,Managed,Server,10.55.26.30,N/A,3/11/20 4:33:28 PM EDT
OCS-S-HYPERV06,Managed,Server,10.111.62.33,N/A,3/11/20 4:35:09 PM EDT
OCS-S-HYPERV07,Managed,Server,10.111.56.31,N/A,3/11/20 4:33:38 PM EDT
OCS-S-HYPERV08,Managed,Server,10.111.60.12,N/A,3/11/20 4:33:39 PM EDT
OCS-S-HYPERV09,Managed,Server,10.111.62.2,N/A,3/11/20 4:34:09 PM EDT
OCS-S-HYPERVA7,Managed,Server,10.49.33.56,N/A,3/11/20 4:35:21 PM EDT
OCS-S-HYPERVP3,Managed,Server,10.55.26.5,N/A,3/11/20 4:34:15 PM EDT
OCS-S-HYPERVP5,Managed,"Escalated, Server",10.55.26.14,N/A,3/11/20 4:25:25 PM EDT
OCS-S-HYPERVT,Managed,"Escalated, Server",10.111.60.2,N/A,3/11/20 4:33:21 PM EDT
OCS-S-MCD01,Managed,"Hyper-V Guests, Server",10.111.56.50,N/A,3/11/20 4:33:11 PM EDT
OCS-S-MGT02,Managed,"Escalated, Server",10.111.56.25,"Jose.Rivera.OU,Robert.Nehorayoff.LA,Anthony.Johnson.OU",3/11/20 4:35:43 PM EDT
OCS-S-MGT03,Managed,Server,10.55.26.107,N/A,3/11/20 4:34:24 PM EDT
OCS-S-MGTP4,Managed,Server,10.55.26.109,N/A,3/11/20 4:34:11 PM EDT
OCS-S-P-BACK01,Managed,Server,10.55.26.128,N/A,3/11/20 4:34:45 PM EDT
OCS-S-P-FILE02,Managed,"Escalated, Server",10.55.26.13,N/A,3/11/20 4:33:49 PM EDT
OCS-S-P-FILE03,Managed,Server,10.55.26.106,N/A,3/11/20 4:33:35 PM EDT
OCS-S-PHBDB,Managed,Server,10.55.26.11,N/A,9/9/19 2:02:12 PM EDT
OCS-S-P-NAS,Unmanaged,,,,
OCS-S-P-NAS2,Unmanaged,,,,
OCS-S-R4300101,Unmanaged,,,,
OCS-S-R4300301,Managed,Server,10.55.26.29,N/A,3/11/20 4:33:38 PM EDT
OCS-S-R4300401,Managed,"Escalated, Server",10.83.161.101,N/A,3/11/20 4:33:05 PM EDT
OCS-S-R4300501,Managed,Server,192.168.0.95,NRT5.LA,3/11/20 4:26:10 PM EDT
OCS-S-R4300601,Unmanaged,,,,
OCS-S-SQL22,Managed,"Hyper-V Guests, Server",10.111.56.44,N/A,3/11/20 4:33:59 PM EDT
OCS-S-VDA01,Managed,"Escalated, Server",10.111.62.15,"tangdi.yang,Kieumy.Dinh,Joseph.Bentley,Aleah.Worthem,Kathryn.ONeill,david.merke,Julio.Castillo,Kayla.Maurer,Andres.Garrido,....",3/11/20 4:40:18 PM EDT
OCS-S-VDA02,Managed,"Escalated, Server",10.111.56.87,"david.waggoner,david.riccio,mark.hetrick,David.A.Strickler,allison.wittrock,michael.gaeta,Pravin.Shrestha,Guillaume.Auclert,...",3/11/20 4:39:35 PM EDT
OCS-S-VDADEV,Managed,"Escalated, Server",10.111.56.88,N/A,3/11/20 4:23:24 PM EDT
OCS-T-000789638,Managed,"EEPC Apply, Escalated, Laptop, Workstation",10.111.41.91,Jose.Rivera,3/11/20 5:03:53 PM EDT
OCS-T-004002606,Managed,"EEPC Apply, Escalated, Laptop, Workstation",10.111.42.218,scott.sherman,3/11/20 1:52:11 PM EDT
OCS-T-004002607,Managed,"EEPC Apply, Escalated, Laptop, Workstation",192.168.1.169,matt.kroll,3/11/20 4:14:13 PM EDT
OCS-T-004181998,Managed,"EEPC Apply, Escalated, Laptop, Workstation",10.111.42.154,Joe.Courange,3/11/20 2:25:46 PM EDT
OCS-T-004187402,Managed,"EEPC Apply, Escalated, Laptop, Workstation",10.111.41.13,Tim.Maclaughlin,3/11/20 9:32:33 AM EDT
OCS-T-004187404,Managed,"EEPC Apply, Escalated, Laptop, Workstation",172.31.13.12,John.Nyberg,3/11/20 5:07:30 PM EDT
OCS-T-004187405,Managed,"EEPC Apply, Escalated, Laptop, Workstation",10.111.42.158,Richard.Powell,3/11/20 4:50:13 PM EDT
OCS-T-004187406,Managed,"EEPC Apply, Escalated, Laptop, Workstation",10.111.41.38,David.Barglow,3/11/20 3:23:13 PM EDT
OCS-T-004187409,Managed,"EEPC Apply, Escalated, Laptop, Workstation",10.111.42.186,Lucy.Hick,3/11/20 4:28:46 PM EDT
OCS-T-004187410,Managed,"EEPC Apply, Escalated, Laptop, Workstation",172.31.13.131,mike.brown,3/11/20 2:26:18 PM EDT
OCS-T-004187412,Managed,"EEPC Apply, Escalated, Laptop, Workstation",10.111.42.132,julia.powell,3/11/20 4:13:54 PM EDT
OCS-VS-2016TEST,Managed,"Hyper-V Guests, Server",10.111.60.29,Tim.MacLaughlin.ou,3/11/20 4:35:14 PM EDT
OCS-VS-APP02,Managed,"Escalated, Hyper-V Guests, Server",10.111.56.67,jim.salman.la,3/11/20 4:33:37 PM EDT
OCS-VS-APPD6,Managed,"Hyper-V Guests, Server",10.111.62.34,N/A,3/11/20 4:35:00 PM EDT
OCS-VS-APPD7,Managed,"Hyper-V Guests, Server",10.111.62.13,N/A,3/11/20 4:46:48 PM EDT
OCS-VS-APPT7,Managed,"Escalated, Hyper-V Guests, Server",10.111.60.27,N/A,3/11/20 4:35:43 PM EDT
OCS-VS-ARCD102,Managed,"Escalated, Hyper-V Guests, Server",10.111.56.150,N/A,3/11/20 4:34:22 PM EDT
OCS-VS-AWS01,Managed,Server,10.111.60.6,N/A,1/9/20 7:40:21 AM EST
OCS-VS-AWS19,Managed,Server,10.111.62.42,N/A,3/11/20 5:02:15 PM EDT
OCS-VS-AXOSOFT,Managed,"Hyper-V Guests, Server",10.111.56.154,N/A,2/3/20 9:34:01 AM EST
OCS-VS-BAT13D1,Managed,"Hyper-V Guests, Server",10.55.26.89,N/A,3/11/20 4:34:34 PM EDT
OCS-VS-BAT13P1,Managed,"Hyper-V Guests, Server",10.111.56.171,ocs.svc.spadminP13,3/11/20 4:33:34 PM EDT
OCS-VS-CHURN,Managed,"Hyper-V Guests, Server",10.111.62.19,erick.difiore.la,3/11/20 4:33:33 PM EDT
OCS-VS-CHURND,Managed,"Hyper-V Guests, Server",10.111.56.29,erick.difiore.la,3/11/20 4:33:51 PM EDT
OCS-VS-CITRIX02,Managed,"Hyper-V Guests, Server",10.111.56.78,N/A,3/11/20 4:33:27 PM EDT
OCS-VS-CMMB01,Managed,"Escalated, Hyper-V Guests, Server",10.111.60.13,N/A,3/11/20 4:33:58 PM EDT
OCS-VS-CPDEV03,Managed,"Escalated, Hyper-V Guests, Server",10.111.62.1,Randa.Daniel,3/11/20 4:33:36 PM EDT
OCS-VS-CPWEB01,Managed,"Hyper-V Guests, Server",10.111.56.47,Randa.Daniel,3/4/20 2:33:57 PM EST
OCS-VS-CPWEB03,Managed,Server,10.111.60.8,N/A,3/11/20 4:33:36 PM EDT
OCS-VS-DEV01,Managed,"Hyper-V Guests, Server",10.111.60.18,N/A,3/11/20 4:34:30 PM EDT
OCS-VS-EGIS01,Managed,"Hyper-V Guests, Server",10.111.62.29,N/A,3/11/20 4:33:50 PM EDT
OCS-VS-EGIS02,Managed,"Escalated, Hyper-V Guests, Server",10.111.60.1,N/A,3/11/20 4:33:30 PM EDT
OCS-VS-EGISD02,Managed,"Escalated, Hyper-V Guests, Server",10.111.60.16,N/A,3/11/20 4:33:37 PM EDT
OCS-VS-EPROJECT,Managed,"Escalated, Hyper-V Guests, Server",10.111.56.41,N/A,3/11/20 4:33:37 PM EDT
OCS-VS-ESRIPM02,Managed,"Escalated, Server",10.111.60.9,N/A,3/11/20 4:21:09 PM EDT
OCS-VS-FME01,Managed,"Escalated, Hyper-V Guests, Server",10.111.60.5,N/A,3/11/20 4:33:44 PM EDT
OCS-VS-GADBPROC,Managed,"Hyper-V Guests, Server",10.111.62.36,N/A,3/11/20 4:33:33 PM EDT
OCS-VS-HISTPRO,Managed,"Hyper-V Guests, Server",10.111.56.76,N/A,3/11/20 4:33:58 PM EDT
OCS-VS-LIC01,Managed,"Hyper-V Guests, Server",10.111.56.83,N/A,3/11/20 4:34:16 PM EDT
OCS-VS-LIC02,Managed,Server,10.111.56.84,N/A,3/11/20 4:33:42 PM EDT
OCS-VS-LOG02,Managed,"Hyper-V Guests, Server",10.111.62.16,N/A,3/11/20 5:04:59 PM EDT
OCS-VS-MFILM,Managed,"Escalated, Hyper-V Guests, Server",10.111.60.3,N/A,3/11/20 4:33:49 PM EDT
OCS-VS-NBS01,Managed,"Escalated, Hyper-V Guests, Server",10.111.60.15,Casiano.Koprowski,3/11/20 4:35:08 PM EDT
OCS-VS-NBS02,Managed,"Escalated, Server",10.71.101.6,N/A,12/6/19 3:02:58 PM EST
OCS-VS-OPSMGR,Managed,"Hyper-V Guests, Server",10.111.56.133,N/A,3/11/20 4:33:42 PM EDT
OCS-VS-OWA13D1,Managed,"Hyper-V Guests, Server",10.55.26.90,N/A,3/11/20 4:34:33 PM EDT
OCS-VS-OWA13P1,Managed,"Hyper-V Guests, Server",10.111.56.172,N/A,3/11/20 4:34:10 PM EDT
OCS-VS-P-FS1,Managed,"Hyper-V Guests, Server",10.55.26.249,N/A,3/11/20 4:25:24 PM EDT
OCS-VS-P-FS2,Managed,"Hyper-V Guests, Server",10.55.26.250,N/A,3/11/20 4:25:38 PM EDT
OCS-VS-PGS21,Managed,Server,10.111.56.93,N/A,3/11/20 4:33:36 PM EDT
OCS-VS-PGSD21,Managed,"Hyper-V Guests, Server",10.111.62.10,N/A,3/11/20 4:33:36 PM EDT
OCS-VS-PHBDB,Managed,Server,10.55.26.119,N/A,9/9/19 1:57:13 PM EDT
OCS-VS-PHBLIC,Managed,Server,10.55.26.86,N/A,10/8/19 1:56:54 PM EDT
OCS-VS-PRINT01,Managed,"Escalated, Hyper-V Guests, Server",10.111.56.77,N/A,3/11/20 4:33:41 PM EDT
OCS-VS-SCANP1,Managed,"Escalated, Hyper-V Guests, Server",10.55.26.7,N/A,3/11/20 4:25:16 PM EDT
OCS-VS-SQL13D1,Managed,"Hyper-V Guests, Server",10.55.26.91,N/A,3/11/20 4:34:04 PM EDT
OCS-VS-SQL13P1,Managed,"Hyper-V Guests, Server",10.111.56.173,N/A,3/11/20 4:33:22 PM EDT
OCS-VS-SQLT2DEV,Managed,"Escalated, Server",10.111.62.30,jingkang.huang.ou,3/11/20 4:34:46 PM EDT
OCS-VS-SQLT2PRD,Managed,Server,10.111.60.10,N/A,3/11/20 4:33:37 PM EDT
OCS-VS-TABLEAU2,Managed,"Escalated, Server",10.111.62.43,N/A,3/10/20 8:37:45 AM EDT
OCS-VS-TABLEAUD,Managed,"Escalated, Server",10.111.60.14,N/A,12/23/19 8:05:12 AM EST
OCS-VS-TABLEAUN,Managed,Server,10.111.60.7,James.hawks.LA,3/11/20 5:00:53 PM EDT
OCS-VS-WEB21,Managed,"Hyper-V Guests, Server",10.111.56.118,scott.sherman,3/11/20 4:33:33 PM EDT
OCS-VS-WEBD1,Managed,"Escalated, Server",10.111.56.55,scott.sherman,3/11/20 4:41:03 PM EDT
OCS-VS-WEBD2,Managed,"Hyper-V Guests, Server",10.111.62.23,N/A,3/11/20 4:33:55 PM EDT
OCS-VS-WFE13D2,Managed,Server,10.55.26.92,N/A,3/11/20 4:34:31 PM EDT
OCS-VS-WFE13D3,Managed,Server,10.55.26.93,N/A,3/11/20 4:34:31 PM EDT
OCS-VS-WFE13P1,Managed,Server,10.111.56.174,ocs.svc.spadminP13,3/11/20 4:33:29 PM EDT
OCS-VS-WFE13P2,Managed,Server,10.111.56.175,ocs.svc.spadminP13,3/11/20 4:33:38 PM EDT
OCS-VW-AHB02,Managed,"Escalated, Hyper-V Guests, Workstation",10.49.33.66,N/A,3/11/20 4:35:11 PM EDT
OCS-VW-AHB03,Managed,"Escalated, Hyper-V Guests, Workstation",10.49.33.87,N/A,3/11/20 4:36:02 PM EDT
OCS-VW-AHB04,Managed,"Hyper-V Guests, Workstation",10.49.33.53,N/A,3/11/20 4:36:37 PM EDT
OCS-VW-AHB05,Managed,"Escalated, Workstation",10.49.33.118,N/A,1/27/20 8:57:18 PM EST
OCS-VW-AHB06,Managed,"Escalated, Hyper-V Guests, Workstation",10.49.33.97,N/A,3/3/20 5:06:49 PM EST
OCS-VW-AHB08,Managed,"Escalated, Hyper-V Guests, Workstation",10.49.33.100,N/A,3/11/20 4:35:39 PM EDT
OCS-VW-AHB09,Managed,"Escalated, Hyper-V Guests, Workstation",10.49.33.106,N/A,3/11/20 4:36:11 PM EDT
OCS-VW-AHB10,Managed,"Hyper-V Guests, Workstation",10.49.33.91,N/A,3/11/20 4:35:41 PM EDT
OCS-VW-AHB12,Managed,"Escalated, Hyper-V Guests, Workstation",10.49.33.105,N/A,3/11/20 4:35:52 PM EDT
OCS-VW-AHB13,Managed,"Hyper-V Guests, Workstation",10.49.33.109,N/A,3/11/20 4:36:15 PM EDT
OCS-VW-AHB14,Managed,"Escalated, Hyper-V Guests, Workstation",10.49.33.116,jeffery.marshall,3/11/20 4:35:33 PM EDT
OCS-VW-AHB15,Managed,"Escalated, Hyper-V Guests, Workstation",10.49.33.81,N/A,3/11/20 4:35:41 PM EDT
OCS-VW-CPBCS6,Managed,"Escalated, Workstation",10.111.62.6,Richard.Powell,3/11/20 4:35:18 PM EDT
OCS-VW-FADSENC,Managed,"Hyper-V Guests, Workstation",10.111.60.33,N/A,3/11/20 4:26:32 PM EDT
OCS-VW-FADSRNC,Managed,"Escalated, Workstation",10.111.60.23,N/A,3/11/20 4:34:39 PM EDT
OCS-VW-HYDROT,Managed,Workstation,10.71.101.15,N/A,10/1/19 10:35:39 PM EDT
OCS-VW-NCS2DEV,Managed,"Escalated, Workstation",10.111.62.20,N/A,3/11/20 4:34:03 PM EDT
OCS-VW-NCS2TEST,Managed,"Escalated, Workstation",10.111.60.0,N/A,3/11/20 4:34:56 PM EDT
OCS-VW-NCSIIAHB,Managed,"Hyper-V Guests, Workstation",10.49.33.90,N/A,3/11/20 4:35:33 PM EDT
OCS-VW-NCSIIP01,Managed,"Hyper-V Guests, Workstation",10.111.62.38,N/A,2/17/20 11:51:54 PM EST
OCS-VW-NCSIIPHB,Managed,"Escalated, Hyper-V Guests, Workstation",10.55.26.133,N/A,2/14/20 8:25:34 AM EST
OCS-VW-NGAPROD,Managed,"Escalated, Workstation",10.111.62.5,N/A,3/11/20 4:34:29 PM EDT
OCS-VW-WIN10,Managed,"Escalated, Hyper-V Guests, Workstation",10.111.60.28,N/A,2/14/20 8:42:41 PM EST
OCS-VW-WIN105,Managed,"Escalated, Hyper-V Guests, Workstation",10.111.62.39,leland.snyder,3/11/20 5:00:36 PM EDT
OCS-VW-WINP101,Managed,"Escalated, Workstation",10.55.26.120,N/A,1/22/20 2:56:29 PM EST
OCS-VW-WINP102,Managed,"Escalated, Workstation",10.55.26.122,N/A,1/22/20 2:58:32 PM EST
OCS-VW-WINP103,Managed,"Escalated, Workstation",10.55.26.124,N/A,3/11/20 4:27:13 PM EDT
OCS-VW-WINP104,Managed,"Escalated, Workstation",10.55.26.105,N/A,3/11/20 4:27:45 PM EDT
OCS-W-001680620,Managed,"Escalated, Workstation",10.49.33.71,joseph.berry.ou,2/26/20 10:40:49 AM EST
OCS-W-001680624,Managed,"Escalated, Workstation",10.49.33.80,joseph.berry.ou,3/11/20 4:33:46 PM EDT
OCS-W-001680634,Managed,"Escalated, Workstation",10.49.33.114,N/A,3/11/20 4:34:16 PM EDT
OCS-W-001680638,Managed,"Escalated, Workstation",10.49.33.78,James.J.Miller,3/11/20 4:35:07 PM EDT
OCS-W-001680640,Managed,"Escalated, Workstation",10.49.33.112,"Clinton.R.Marcus,Clinton.R.Marcus.LA",3/11/20 4:34:59 PM EDT
OCS-W-001680702,Managed,"Escalated, Workstation",10.49.33.96,Vanessa.Miller,3/11/20 4:34:10 PM EDT
OCS-W-001680703,Managed,"Escalated, Workstation",10.49.33.95,jonathan.haines,3/11/20 4:33:38 PM EDT
OCS-W-001680704,Managed,"Escalated, Workstation",10.49.33.111,N/A,3/11/20 4:33:39 PM EDT
OCS-W-001680710,Managed,"Escalated, Workstation",10.49.33.101,N/A,3/11/20 4:34:03 PM EDT
OCS-W-001680718,Managed,"Escalated, Workstation",10.49.33.108,Julia.Wallace,3/11/20 4:34:21 PM EDT
OCS-W-001680719,Managed,"Escalated, Workstation",10.49.33.98,N/A,3/11/20 4:33:59 PM EDT
OCS-W-001680720,Managed,"Escalated, Workstation",10.49.33.113,alessandra.ditommaso,3/11/20 4:33:48 PM EDT
OCS-W-001775279,Managed,"Escalated, Workstation",10.49.33.85,N/A,2/26/20 12:35:02 PM EST
OCS-W-004101152,Managed,"Escalated, Workstation",10.111.42.140,N/A,3/11/20 4:33:51 PM EDT
OCS-W-004101155,Managed,"Escalated, Workstation",10.49.33.79,Vanessa.Miller,3/11/20 4:34:04 PM EDT
OCS-W-004101165,Managed,"Escalated, Workstation",10.111.49.2,N/A,3/11/20 4:33:13 PM EDT
OCS-W-004101170,Managed,"Escalated, Workstation",10.111.41.6,Richard.T.Brennan,3/11/20 4:34:17 PM EDT
OCS-W-004101174,Managed,"Escalated, Workstation",10.111.41.30,eric.g.younkin,3/11/20 4:32:50 PM EDT
OCS-W-004101847,Managed,"Escalated, Workstation",10.111.49.57,Susan.Stevenson,3/11/20 4:33:13 PM EDT
OCS-W-004101848,Managed,"Escalated, Workstation",10.111.42.157,N/A,3/11/20 4:34:19 PM EDT
OCS-W-004101858,Managed,"Escalated, Workstation",10.111.42.159,Kathryn.Ries,3/11/20 4:33:55 PM EDT
OCS-W-004101860,Managed,"Escalated, Workstation",10.111.52.177,N/A,3/11/20 4:34:03 PM EDT
OCS-W-004101864,Managed,Workstation,10.111.42.129,N/A,3/11/20 4:34:00 PM EDT
OCS-W-004101866,Managed,"Escalated, Workstation",10.111.49.4,Joseph.Linza,3/11/20 4:33:41 PM EDT
OCS-W-004101867,Managed,"Escalated, Workstation",10.111.52.195,Michael.A.Theberge,3/11/20 4:33:05 PM EDT
OCS-W-004101872,Managed,"Escalated, Workstation",10.111.41.71,Alexis.Maxwell,3/11/20 4:33:20 PM EDT
OCS-W-004101873,Managed,"Escalated, Workstation",10.111.52.217,N/A,3/11/20 4:33:37 PM EDT
OCS-W-004101875,Managed,"Escalated, Workstation",10.111.52.186,N/A,3/11/20 4:33:04 PM EDT
OCS-W-004101876,Managed,"Escalated, Workstation",10.111.41.5,Annaclaire.Myrie,3/11/20 4:33:20 PM EDT
OCS-W-004101877,Managed,"Escalated, Workstation",10.111.52.203,Lijuan.Huang,3/11/20 4:33:11 PM EDT
OCS-W-004101878,Managed,"Escalated, Workstation",10.111.52.183,N/A,3/11/20 4:33:44 PM EDT
OCS-W-004101879,Managed,"Escalated, Workstation",10.111.49.56,James.Moy,3/11/20 4:33:16 PM EDT
OCS-W-004101880,Managed,"Escalated, Workstation",10.111.52.228,N/A,3/11/20 4:33:26 PM EDT
OCS-W-004101881,Managed,"Escalated, Workstation",10.111.52.163,N/A,3/11/20 4:33:35 PM EDT
OCS-W-004101882,Managed,"Escalated, Workstation",10.111.52.165,John.Doroba,3/11/20 4:33:28 PM EDT
OCS-W-004101883,Managed,"Escalated, Workstation",10.111.52.215,N/A,3/11/20 4:33:12 PM EDT
OCS-W-004101884,Managed,"Escalated, Workstation",10.111.49.50,N/A,3/11/20 4:33:40 PM EDT
OCS-W-004101885,Managed,"Escalated, Workstation",10.111.49.107,N/A,3/11/20 4:33:05 PM EDT
OCS-W-004101886,Managed,"Escalated, Workstation",10.111.49.55,justin.adams,3/11/20 4:44:35 PM EDT
OCS-W-004101887,Managed,"Escalated, Workstation",10.111.49.26,Peter.Siegenthaler,3/11/20 4:33:07 PM EDT
OCS-W-004101888,Managed,"Escalated, Workstation",10.111.49.5,N/A,3/11/20 4:33:30 PM EDT
OCS-W-004101889,Managed,"Escalated, Workstation",10.111.52.137,N/A,3/11/20 4:33:26 PM EDT
OCS-W-004101890,Managed,"Escalated, Workstation",10.111.52.220,N/A,3/11/20 4:33:46 PM EDT
OCS-W-004101903,Managed,"Escalated, Workstation",10.111.49.21,N/A,3/11/20 4:33:42 PM EDT
OCS-W-004101904,Managed,"Escalated, Workstation",10.111.49.3,N/A,3/11/20 4:33:54 PM EDT
OCS-W-004101908,Managed,"Escalated, Workstation",10.111.41.59,N/A,3/11/20 4:55:14 PM EDT
OCS-W-004101923,Managed,"Escalated, Workstation",192.168.18.88,N/A,3/11/20 4:34:01 PM EDT
OCS-W-004101925,Managed,"Escalated, Workstation",10.111.49.27,Dominick.Nordin,3/11/20 4:33:16 PM EDT
OCS-W-004101926,Managed,"Escalated, Workstation",10.111.49.14,N/A,3/11/20 4:33:22 PM EDT
OCS-W-004101927,Managed,"Escalated, Workstation",10.111.41.52,N/A,3/11/20 4:34:25 PM EDT
OCS-W-004101931,Managed,"Escalated, Workstation",10.111.52.231,N/A,3/11/20 4:33:53 PM EDT
OCS-W-004101933,Managed,"Escalated, Workstation",10.111.42.136,N/A,3/11/20 4:34:25 PM EDT
OCS-W-004101936,Managed,"Escalated, Workstation",10.111.42.202,Julie.Armstrong,3/11/20 4:34:16 PM EDT
OCS-W-004101942,Managed,"Escalated, Workstation",10.111.52.164,N/A,3/11/20 4:33:32 PM EDT
OCS-W-004101948,Managed,"Escalated, Workstation",10.111.42.177,N/A,3/11/20 4:34:12 PM EDT
OCS-W-004101954,Managed,"Escalated, Workstation",10.111.42.196,leland.snyder,3/11/20 4:13:20 PM EDT
OCS-W-004101973,Managed,"Escalated, Workstation",10.111.52.134,N/A,3/11/20 4:33:02 PM EDT
OCS-W-004101975,Managed,"Escalated, Workstation",10.111.42.201,Anthony.Johnson,3/11/20 4:33:38 PM EDT
OCS-W-004101977,Managed,"Escalated, Workstation",10.111.49.20,N/A,3/11/20 4:20:00 PM EDT
OCS-W-004167825,Managed,"Escalated, Workstation",10.111.42.131,N/A,3/11/20 4:34:02 PM EDT
OCS-W-004167826,Managed,"Escalated, Workstation",10.111.42.133,eric.g.younkin,3/11/20 4:34:14 PM EDT
OCS-W-004181963,Managed,"Escalated, Workstation",10.111.41.64,Alexander.Kurapov,3/11/20 4:34:20 PM EDT
OCS-W-004181964,Managed,"Escalated, Workstation",10.55.26.131,N/A,2/24/20 7:30:35 PM EST
OCS-W-004181965,Managed,"Escalated, Workstation",10.111.42.142,Phil.Richardson,3/11/20 5:04:14 PM EDT
OCS-W-004181966,Managed,"Escalated, Workstation",10.55.26.127,Liujuan.Tang,3/11/20 4:35:40 PM EDT
OCS-W-004181968,Managed,"Escalated, Workstation",10.55.26.120,N/A,3/11/20 5:06:26 PM EDT
OCS-W-004181969,Managed,"Escalated, Workstation",10.111.41.60,Yi.Chen,3/11/20 5:04:45 PM EDT
OCS-W-004181970,Managed,"Escalated, Workstation",10.111.42.153,Kenia.Allen,3/11/20 4:33:48 PM EDT
OCS-W-004181971,Managed,"Escalated, Workstation",10.111.42.181,ghani.saouti,3/11/20 4:33:49 PM EDT
OCS-W-004187428,Managed,"Escalated, Workstation",10.111.42.144,N/A,3/11/20 4:34:11 PM EDT
OCS-W-004187429,Managed,"Escalated, Workstation",10.111.41.81,N/A,3/11/20 4:33:47 PM EDT
OCS-W-004187430,Managed,"Escalated, Workstation",10.111.41.68,N/A,3/11/20 4:33:35 PM EDT
OCS-W-004187431,Managed,"Escalated, Workstation",10.111.42.192,N/A,3/11/20 4:33:52 PM EDT
OCS-W-004222329,Managed,"Escalated, Workstation",10.111.41.82,Annaclaire.Myrie,3/11/20 4:34:00 PM EDT
OCS-W-004358701,Managed,"Escalated, Workstation",10.111.52.135,N/A,3/11/20 4:33:41 PM EDT
OCS-W-004358702,Managed,"Escalated, Workstation",10.111.49.37,"Yogen.Drans,Shachak.Peeri",3/11/20 4:33:35 PM EDT
OCS-W-004358703,Managed,"Escalated, Workstation",10.111.42.170,Alexis.Maxwell,3/11/20 4:33:20 PM EDT
OCS-W-004358704,Managed,"Escalated, Workstation",10.111.49.13,"Yogen.Drans,Julio.Castillo",3/11/20 4:33:07 PM EDT
OCS-W-004358706,Managed,"Escalated, Workstation",10.111.49.11,Cara.Curran,3/11/20 4:33:37 PM EDT
OCS-W-004358708,Managed,"Escalated, Workstation",10.111.49.88,N/A,3/11/20 4:33:03 PM EDT
OCS-W-004358710,Managed,"Escalated, Workstation",10.111.52.130,N/A,3/11/20 4:33:28 PM EDT
OCS-W-004358712,Managed,"Escalated, Workstation",10.111.52.129,Katherine.Kasischke,3/11/20 4:33:20 PM EDT
OCS-W-004358713,Managed,"Escalated, Workstation",10.111.49.86,Kayla.Maurer,3/11/20 3:33:09 PM EDT
OCS-W-004358714,Managed,"Escalated, Workstation",10.111.49.82,Jacob.Ripma,3/11/20 4:33:19 PM EDT
OCS-W-004358716,Managed,"Escalated, Workstation",10.111.49.51,Jonathan.Freel,3/11/20 4:33:19 PM EDT
OCS-W-004358718,Managed,"Escalated, Workstation",10.111.52.248,N/A,3/11/20 4:32:53 PM EDT
OCS-W-004358719,Managed,"Escalated, Workstation",10.111.52.239,N/A,3/11/20 4:32:55 PM EDT
OCS-W-004420306,Managed,"Escalated, Workstation",10.49.33.94,Bryan.Chauveau,3/11/20 4:41:43 PM EDT
OCS-W-004420307,Managed,"Escalated, Workstation",10.49.33.51,angelina.ponella,3/11/20 4:21:07 PM EDT
OCS-W-004420308,Managed,"Escalated, Workstation",10.49.33.99,Casiano.Koprowski,3/11/20 4:35:04 PM EDT
OCS-W-004420309,Managed,"Escalated, Workstation",10.49.33.115,Joseph.Berry,3/11/20 5:03:05 PM EDT
OCS-W-004420312,Managed,"Escalated, Workstation",10.49.33.72,N/A,3/11/20 4:34:04 PM EDT
OCS-W-A-1680633,Managed,"Escalated, Workstation",10.49.33.70,N/A,3/11/20 4:34:00 PM EDT
OCS-W-P-1769810,Managed,"Escalated, Workstation",10.55.26.187,N/A,3/11/20 4:33:47 PM EDT
OCS-W-P-4078431,Managed,"Escalated, Workstation",10.55.26.186,N/A,3/11/20 4:33:40 PM EDT
OCS-W-P-4078432,Managed,"Escalated, Workstation",10.55.26.185,N/A,3/9/20 11:33:57 PM EDT
OCS-W-P-4078434,Managed,"Escalated, Workstation",10.55.26.183,Jessica.Murphy,3/11/20 4:52:48 PM EDT
OCS-W-P-4078435,Managed,"Escalated, Workstation",10.55.26.182,Fernando.Ortiz,3/11/20 4:33:21 PM EDT
OCS-W-P-4078436,Managed,"Escalated, Workstation",10.55.26.181,Brooke.Maser,3/11/20 4:33:16 PM EDT
OCS-W-P-4078439,Managed,"Escalated, Workstation",10.55.26.179,N/A,3/11/20 4:33:41 PM EDT
OCS-W-P-4078440,Managed,"Escalated, Workstation",10.55.26.178,N/A,3/11/20 4:34:06 PM EDT
OCS-W-P-4078442,Managed,"Escalated, Workstation",10.55.26.176,Toshi.Wozumi,3/11/20 5:03:52 PM EDT
OCS-W-P-4078443,Managed,"Escalated, Workstation",10.55.26.175,Paul.Sutlovich,3/11/20 4:34:04 PM EDT
OCS-W-P-4078444,Managed,"Escalated, Workstation",10.55.26.174,N/A,3/11/20 4:33:10 PM EDT
OCS-W-P-4078445,Managed,"Escalated, Workstation",10.55.26.173,Tyanne.Faulkes,3/11/20 4:33:35 PM EDT
OCS-W-P-4078447,Managed,"Escalated, Workstation",10.55.26.171,N/A,3/11/20 4:33:25 PM EDT
OCS-W-P-4078448,Managed,"Escalated, Workstation",10.55.26.170,Adam.Argento,3/11/20 4:33:41 PM EDT
OCS-W-P-4078481,Managed,"Escalated, Workstation",10.55.26.167,N/A,3/11/20 4:33:41 PM EDT
OCS-W-P-4078482,Managed,"Escalated, Workstation",10.55.26.166,N/A,3/11/20 4:33:57 PM EDT
OCS-W-P-4078483,Managed,"Escalated, Workstation",10.55.26.165,peter.holmberg,3/11/20 4:33:33 PM EDT
OCS-W-P-4078484,Managed,"Escalated, Workstation",10.55.26.164,N/A,3/11/20 4:33:42 PM EDT
OCS-W-P-4078485,Managed,"Escalated, Workstation",10.55.26.163,Laura.Pagano,3/11/20 4:33:20 PM EDT
OCS-W-P-4078486,Managed,"Escalated, Workstation",10.55.26.162,Kurt.Mueller,3/11/20 4:33:33 PM EDT
OCS-W-P-4078487,Managed,"Escalated, Workstation",10.55.26.161,Kurt.Brown,3/11/20 4:33:20 PM EDT
